filenames,words
vlcsnap-2025-05-16-08h21m44s530_1.png,66
vlcsnap-2025-05-16-08h21m44s530_3.png,67
vlcsnap-2025-05-16-08h21m44s530_5.png,65
vlcsnap-2025-05-16-08h21m44s530_7.png,68
vlcsnap-2025-05-16-08h21m46s407_1.png,67
vlcsnap-2025-05-16-08h21m46s407_3.png,66
vlcsnap-2025-05-16-08h21m46s407_5.png,65
vlcsnap-2025-05-16-08h21m46s407_7.png,68
vlcsnap-2025-05-16-08h21m47s150_1.png,67
vlcsnap-2025-05-16-08h21m47s150_3.png,68
vlcsnap-2025-05-16-08h21m47s150_5.png,66
vlcsnap-2025-05-16-08h21m47s150_7.png,65
vlcsnap-2025-05-16-08h21m49s596_1.png,67
vlcsnap-2025-05-16-08h21m49s596_3.png,68
vlcsnap-2025-05-16-08h21m49s596_5.png,66
vlcsnap-2025-05-16-08h21m49s596_7.png,69
vlcsnap-2025-05-16-08h21m49s596_9.png,65
vlcsnap-2025-05-16-08h21m50s645_1.png,68
vlcsnap-2025-05-16-08h21m50s645_3.png,67
vlcsnap-2025-05-16-08h21m50s645_5.png,66
vlcsnap-2025-05-16-08h21m50s645_7.png,69
vlcsnap-2025-05-16-08h21m53s102_1.png,68
vlcsnap-2025-05-16-08h21m53s102_3.png,69
vlcsnap-2025-05-16-08h21m53s102_5.png,67
vlcsnap-2025-05-16-08h21m53s102_7.png,66
vlcsnap-2025-05-16-08h21m53s793_1.png,68
vlcsnap-2025-05-16-08h21m53s793_3.png,69
vlcsnap-2025-05-16-08h21m53s793_5.png,67
vlcsnap-2025-05-16-08h21m53s793_7.png,66
vlcsnap-2025-05-16-08h21m54s594_1.png,69
vlcsnap-2025-05-16-08h21m54s594_3.png,67
vlcsnap-2025-05-16-08h21m54s594_7.png,66
vlcsnap-2025-05-16-08h21m54s594_9.png,70
vlcsnap-2025-05-16-08h22m05s701_1.png,69
vlcsnap-2025-05-16-08h22m05s701_3.png,70
vlcsnap-2025-05-16-08h22m05s701_5.png,71
vlcsnap-2025-05-16-08h22m05s701_7.png,68
vlcsnap-2025-05-16-08h22m09s353_1.png,70
vlcsnap-2025-05-16-08h22m09s353_3.png,71
vlcsnap-2025-05-16-08h22m09s353_5.png,69
vlcsnap-2025-05-16-08h22m12s143_1.png,71
vlcsnap-2025-05-16-08h22m12s143_3.png,0
vlcsnap-2025-05-16-08h22m12s143_5.png,72
vlcsnap-2025-05-16-08h22m12s143_7.png,69
vlcsnap-2025-05-16-08h22m12s143_9.png,1
vlcsnap-2025-05-16-08h22m13s151_3.png,71
vlcsnap-2025-05-16-08h22m13s151_5.png,72
vlcsnap-2025-05-16-08h22m13s151_7.png,69
vlcsnap-2025-05-16-08h22m13s151_9.png,1
vlcsnap-2025-05-16-08h22m21s060_1.png,71
vlcsnap-2025-05-16-08h22m21s060_3.png,70
vlcsnap-2025-05-16-08h22m21s060_5.png,1
vlcsnap-2025-05-16-08h22m21s060_7.png,72
vlcsnap-2025-05-16-08h22m21s060_9.png,2
vlcsnap-2025-05-16-08h22m23s052_1.png,1
vlcsnap-2025-05-16-08h22m23s052_3.png,71
vlcsnap-2025-05-16-08h22m23s052_5.png,72
vlcsnap-2025-05-16-08h22m36s303_1.png,3
vlcsnap-2025-05-16-08h22m36s303_3.png,1
vlcsnap-2025-05-16-08h22m36s303_7.png,2
vlcsnap-2025-05-16-08h22m36s303_9.png,2
vlcsnap-2025-05-16-08h22m39s243_1.png,3
vlcsnap-2025-05-16-08h22m39s243_3.png,4
vlcsnap-2025-05-16-08h22m39s243_5.png,1
vlcsnap-2025-05-16-08h22m45s301_1.png,4
vlcsnap-2025-05-16-08h22m45s301_5.png,5
vlcsnap-2025-05-16-08h22m45s301_7.png,2
vlcsnap-2025-05-16-08h22m48s242_1.png,4
vlcsnap-2025-05-16-08h22m48s242_3.png,5
vlcsnap-2025-05-16-08h22m48s242_5.png,3
vlcsnap-2025-05-16-08h22m48s242_7.png,6
vlcsnap-2025-05-16-08h22m50s434_1.png,4
vlcsnap-2025-05-16-08h22m50s434_3.png,5
vlcsnap-2025-05-16-08h22m50s434_5.png,3
vlcsnap-2025-05-16-08h22m50s434_7.png,6
vlcsnap-2025-05-16-08h22m53s095_1.png,5
vlcsnap-2025-05-16-08h22m53s095_3.png,6
vlcsnap-2025-05-16-08h22m53s095_5.png,3
vlcsnap-2025-05-16-08h23m54s646_1.png,10
vlcsnap-2025-05-16-08h23m54s646_3.png,11
vlcsnap-2025-05-16-08h23m54s646_5.png,9
vlcsnap-2025-05-16-08h24m06s391_1.png,12
vlcsnap-2025-05-16-08h24m06s391_3.png,13
vlcsnap-2025-05-16-08h24m06s391_5.png,1
vlcsnap-2025-05-16-08h24m08s989_1.png,13
vlcsnap-2025-05-16-08h24m08s989_3.png,12
vlcsnap-2025-05-16-08h24m08s989_7.png,14
vlcsnap-2025-05-16-08h24m09s890_1.png,13
vlcsnap-2025-05-16-08h24m09s890_3.png,12
vlcsnap-2025-05-16-08h24m09s890_5.png,11
vlcsnap-2025-05-16-08h24m09s890_7.png,14
vlcsnap-2025-05-16-08h24m11s833_3.png,14
vlcsnap-2025-05-16-08h24m11s833_5.png,13
vlcsnap-2025-05-16-08h24m11s833_7.png,11
vlcsnap-2025-05-16-08h24m12s637_1.png,13
vlcsnap-2025-05-16-08h24m12s637_3.png,14
vlcsnap-2025-05-16-08h24m12s637_5.png,11
vlcsnap-2025-05-16-08h24m12s637_7.png,2
vlcsnap-2025-05-16-08h24m13s238_1.png,13
vlcsnap-2025-05-16-08h24m13s238_3.png,14
vlcsnap-2025-05-16-08h24m13s238_5.png,11
vlcsnap-2025-05-16-08h24m13s238_7.png,2
vlcsnap-2025-05-16-08h24m13s938_3.png,13
vlcsnap-2025-05-16-08h24m13s938_5.png,14
vlcsnap-2025-05-16-08h24m13s938_7.png,11
vlcsnap-2025-05-16-08h24m13s938_9.png,15
vlcsnap-2025-05-16-08h24m15s178_1.png,13
vlcsnap-2025-05-16-08h24m15s178_3.png,14
vlcsnap-2025-05-16-08h24m15s178_5.png,1
vlcsnap-2025-05-16-08h24m15s178_7.png,11
vlcsnap-2025-05-16-08h24m15s178_9.png,15
vlcsnap-2025-05-16-08h24m17s478_1.png,13
vlcsnap-2025-05-16-08h24m17s478_3.png,12
vlcsnap-2025-05-16-08h24m17s478_5.png,15
vlcsnap-2025-05-16-08h24m18s482_1.png,14
vlcsnap-2025-05-16-08h24m18s482_3.png,13
vlcsnap-2025-05-16-08h24m18s482_5.png,12
vlcsnap-2025-05-16-08h24m18s482_7.png,15
vlcsnap-2025-05-16-08h24m19s228_1.png,14
vlcsnap-2025-05-16-08h24m19s228_3.png,3
vlcsnap-2025-05-16-08h24m19s228_5.png,15
vlcsnap-2025-05-16-08h24m19s228_7.png,12
vlcsnap-2025-05-16-08h24m19s228_9.png,12
vlcsnap-2025-05-16-08h24m19s883_1.png,14
vlcsnap-2025-05-16-08h24m19s883_3.png,15
vlcsnap-2025-05-16-08h24m19s883_5.png,12
vlcsnap-2025-05-16-08h24m19s883_7.png,3
vlcsnap-2025-05-16-08h24m20s587_1.png,14
vlcsnap-2025-05-16-08h24m20s587_3.png,15
vlcsnap-2025-05-16-08h24m20s587_5.png,12
vlcsnap-2025-05-16-08h24m21s236_1.png,14
vlcsnap-2025-05-16-08h24m21s236_5.png,15
vlcsnap-2025-05-16-08h24m21s236_7.png,12
vlcsnap-2025-05-16-08h37m53s733_1.png,31
vlcsnap-2025-05-16-08h37m53s733_3.png,32
vlcsnap-2025-05-16-08h37m53s733_5.png,30
vlcsnap-2025-05-16-08h37m53s733_9.png,33
vlcsnap-2025-05-16-08h37m56s731_3.png,32
vlcsnap-2025-05-16-08h37m56s731_5.png,30
vlcsnap-2025-05-16-08h37m56s731_7.png,33
vlcsnap-2025-05-16-08h37m57s478_3.png,32
vlcsnap-2025-05-16-08h37m57s478_5.png,30
vlcsnap-2025-05-16-08h37m57s478_7.png,33
vlcsnap-2025-05-16-08h37m58s123_1.png,32
vlcsnap-2025-05-16-08h37m58s123_3.png,30
vlcsnap-2025-05-16-08h37m58s123_5.png,33
vlcsnap-2025-05-16-08h37m58s123_7.png,3
vlcsnap-2025-05-16-08h38m01s427_1.png,32
vlcsnap-2025-05-16-08h38m01s427_3.png,33
vlcsnap-2025-05-16-08h38m01s427_5.png,31
vlcsnap-2025-05-16-08h38m01s427_7.png,34
vlcsnap-2025-05-16-08h38m01s427_9.png,30
vlcsnap-2025-05-16-08h38m01s976_1.png,32
vlcsnap-2025-05-16-08h38m01s976_3.png,33
vlcsnap-2025-05-16-08h38m01s976_5.png,31
vlcsnap-2025-05-16-08h38m03s324_1.png,33
vlcsnap-2025-05-16-08h38m03s324_3.png,2
vlcsnap-2025-05-16-08h38m03s324_5.png,34
vlcsnap-2025-05-16-08h38m04s673_1.png,33
vlcsnap-2025-05-16-08h38m04s673_3.png,34
vlcsnap-2025-05-16-08h38m04s673_5.png,2
vlcsnap-2025-05-16-08h38m05s425_1.png,33
vlcsnap-2025-05-16-08h38m05s425_3.png,34
vlcsnap-2025-05-16-08h38m05s425_5.png,3
vlcsnap-2025-05-16-08h38m06s070_1.png,33
vlcsnap-2025-05-16-08h38m06s070_3.png,34
vlcsnap-2025-05-16-08h38m06s070_5.png,3
vlcsnap-2025-05-16-08h38m07s066_1.png,33
vlcsnap-2025-05-16-08h38m07s066_3.png,34
vlcsnap-2025-05-16-08h38m07s066_5.png,32
vlcsnap-2025-05-16-08h38m07s567_1.png,33
vlcsnap-2025-05-16-08h38m07s567_3.png,32
vlcsnap-2025-05-16-08h38m07s567_5.png,34
vlcsnap-2025-05-16-08h38m08s079_1.png,33
vlcsnap-2025-05-16-08h38m08s079_3.png,32
vlcsnap-2025-05-16-08h38m08s079_5.png,34
vlcsnap-2025-05-16-08h38m08s079_7.png,34
vlcsnap-2025-05-16-08h38m08s524_1.png,34
vlcsnap-2025-05-16-08h38m08s524_3.png,32
vlcsnap-2025-05-16-08h38m08s524_5.png,33
vlcsnap-2025-05-16-08h38m08s524_7.png,33
vlcsnap-2025-05-16-08h38m09s119_1.png,34
vlcsnap-2025-05-16-08h38m09s119_3.png,33
vlcsnap-2025-05-16-08h38m09s119_5.png,32
vlcsnap-2025-05-16-08h38m11s626_1.png,34
vlcsnap-2025-05-16-08h38m11s626_3.png,35
vlcsnap-2025-05-16-08h38m11s626_5.png,3
vlcsnap-2025-05-16-08h38m11s626_7.png,32
vlcsnap-2025-05-16-08h38m11s859_1.png,34
vlcsnap-2025-05-16-08h38m11s859_3.png,35
vlcsnap-2025-05-16-08h38m11s859_5.png,32
vlcsnap-2025-05-16-08h38m11s859_7.png,3
vlcsnap-2025-05-16-08h38m12s874_1.png,34
vlcsnap-2025-05-16-08h38m12s874_3.png,35
vlcsnap-2025-05-16-08h38m12s874_7.png,3
vlcsnap-2025-05-16-08h38m12s874_9.png,36
vlcsnap-2025-05-16-08h38m13s428_1.png,34
vlcsnap-2025-05-16-08h38m13s428_3.png,35
vlcsnap-2025-05-16-08h38m13s428_5.png,36
vlcsnap-2025-05-16-08h38m13s428_7.png,3
vlcsnap-2025-05-16-08h38m13s428_9.png,32
vlcsnap-2025-05-16-08h38m13s968_1.png,34
vlcsnap-2025-05-16-08h38m13s968_3.png,33
vlcsnap-2025-05-16-08h38m13s968_5.png,36
vlcsnap-2025-05-16-08h38m13s968_7.png,32
vlcsnap-2025-05-16-08h38m13s968_9.png,35
vlcsnap-2025-05-16-08h38m14s622_1.png,35
vlcsnap-2025-05-16-08h38m14s622_3.png,34
vlcsnap-2025-05-16-08h38m14s622_5.png,33
vlcsnap-2025-05-16-08h38m14s622_7.png,36
vlcsnap-2025-05-16-08h38m15s167_1.png,35
vlcsnap-2025-05-16-08h38m15s167_3.png,34
vlcsnap-2025-05-16-08h38m15s167_5.png,33
vlcsnap-2025-05-16-08h38m15s167_7.png,36
vlcsnap-2025-05-16-08h41m35s027_1.png,41
vlcsnap-2025-05-16-08h41m35s027_3.png,42
vlcsnap-2025-05-16-08h41m35s027_7.png,40
vlcsnap-2025-05-16-08h41m35s469_1.png,41
vlcsnap-2025-05-16-08h41m35s469_3.png,42
vlcsnap-2025-05-16-08h41m35s469_5.png,40
vlcsnap-2025-05-16-08h41m35s469_7.png,39
vlcsnap-2025-05-16-08h41m37s527_1.png,41
vlcsnap-2025-05-16-08h41m37s527_3.png,42
vlcsnap-2025-05-16-08h41m37s527_5.png,43
vlcsnap-2025-05-16-08h41m37s527_7.png,40
vlcsnap-2025-05-16-08h41m37s807_1.png,42
vlcsnap-2025-05-16-08h41m37s807_3.png,41
vlcsnap-2025-05-16-08h41m37s807_5.png,40
vlcsnap-2025-05-16-08h41m38s176_1.png,41
vlcsnap-2025-05-16-08h41m38s176_3.png,42
vlcsnap-2025-05-16-08h41m38s176_5.png,43
vlcsnap-2025-05-16-08h41m38s176_7.png,40
vlcsnap-2025-05-16-08h41m40s418_1.png,42
vlcsnap-2025-05-16-08h41m40s418_3.png,43
vlcsnap-2025-05-16-08h41m40s418_5.png,1
vlcsnap-2025-05-16-08h41m40s418_7.png,40
vlcsnap-2025-05-16-08h41m42s119_1.png,42
vlcsnap-2025-05-16-08h41m42s119_3.png,43
vlcsnap-2025-05-16-08h41m42s119_7.png,40
vlcsnap-2025-05-16-08h41m42s119_9.png,44
vlcsnap-2025-05-16-08h41m43s066_1.png,42
vlcsnap-2025-05-16-08h41m43s066_3.png,43
vlcsnap-2025-05-16-08h41m43s066_7.png,44
vlcsnap-2025-05-16-08h41m43s066_9.png,4
vlcsnap-2025-05-16-08h41m43s958_1.png,42
vlcsnap-2025-05-16-08h41m43s958_11.png,41
vlcsnap-2025-05-16-08h41m43s958_3.png,43
vlcsnap-2025-05-16-08h41m43s958_5.png,44
vlcsnap-2025-05-16-08h41m43s958_9.png,41
vlcsnap-2025-05-16-08h41m44s501_1.png,43
vlcsnap-2025-05-16-08h41m44s501_5.png,41
vlcsnap-2025-05-16-08h41m44s501_7.png,44
vlcsnap-2025-05-16-08h41m45s162_1.png,43
vlcsnap-2025-05-16-08h41m45s162_3.png,43
vlcsnap-2025-05-16-08h41m45s162_5.png,2
vlcsnap-2025-05-16-08h41m45s162_7.png,44
vlcsnap-2025-05-16-08h41m47s263_1.png,43
vlcsnap-2025-05-16-08h41m47s263_3.png,44
vlcsnap-2025-05-16-08h41m47s263_5.png,4
vlcsnap-2025-05-16-08h41m47s263_7.png,41
vlcsnap-2025-05-16-08h41m48s314_1.png,43
vlcsnap-2025-05-16-08h41m48s314_3.png,44
vlcsnap-2025-05-16-08h41m48s314_5.png,41
vlcsnap-2025-05-16-08h41m48s314_7.png,42
vlcsnap-2025-05-16-08h41m49s059_1.png,43
vlcsnap-2025-05-16-08h41m49s059_3.png,44
vlcsnap-2025-05-16-08h41m49s059_5.png,42
vlcsnap-2025-05-16-08h42m07s069_1.png,46
vlcsnap-2025-05-16-08h42m07s069_3.png,47
vlcsnap-2025-05-16-08h42m07s069_5.png,4
vlcsnap-2025-05-16-08h42m07s069_7.png,44
vlcsnap-2025-05-16-08h42m10s362_1.png,46
vlcsnap-2025-05-16-08h42m10s362_3.png,47
vlcsnap-2025-05-16-08h42m10s362_5.png,45
vlcsnap-2025-05-16-08h42m10s362_7.png,48
vlcsnap-2025-05-16-08h43m03s169_1.png,55
vlcsnap-2025-05-16-08h43m03s169_3.png,54
vlcsnap-2025-05-16-08h43m03s169_5.png,53
vlcsnap-2025-05-16-08h43m04s714_1.png,54
vlcsnap-2025-05-16-08h43m04s714_3.png,56
vlcsnap-2025-05-16-08h43m04s714_5.png,55
vlcsnap-2025-05-16-08h43m04s714_7.png,53
vlcsnap-2025-05-16-08h43m05s263_1.png,55
vlcsnap-2025-05-16-08h43m05s263_3.png,54
vlcsnap-2025-05-16-08h43m05s263_5.png,56
vlcsnap-2025-05-16-08h43m05s263_7.png,53
vlcsnap-2025-05-16-08h43m05s761_1.png,54
vlcsnap-2025-05-16-08h43m05s761_3.png,55
vlcsnap-2025-05-16-08h43m05s761_5.png,56
vlcsnap-2025-05-16-08h43m05s761_7.png,53
vlcsnap-2025-05-16-08h43m06s259_1.png,55
vlcsnap-2025-05-16-08h43m06s259_3.png,54
vlcsnap-2025-05-16-08h43m06s259_5.png,53
vlcsnap-2025-05-16-08h43m06s259_7.png,56
vlcsnap-2025-05-16-08h43m06s864_1.png,55
vlcsnap-2025-05-16-08h43m06s864_3.png,54
vlcsnap-2025-05-16-08h43m06s864_5.png,53
vlcsnap-2025-05-16-08h43m07s459_1.png,55
vlcsnap-2025-05-16-08h43m07s459_3.png,53
vlcsnap-2025-05-16-08h43m07s459_5.png,54
vlcsnap-2025-05-16-08h43m07s459_7.png,56
vlcsnap-2025-05-16-08h43m08s163_1.png,55
vlcsnap-2025-05-16-08h43m08s163_3.png,54
vlcsnap-2025-05-16-08h43m08s163_5.png,53
vlcsnap-2025-05-16-08h43m08s163_7.png,56
vlcsnap-2025-05-16-08h44m57s034_1.png,59
vlcsnap-2025-05-16-08h44m57s034_5.png,60
vlcsnap-2025-05-16-08h45m13s545_1.png,59
vlcsnap-2025-05-16-08h45m13s545_3.png,60
vlcsnap-2025-05-16-08h45m13s545_5.png,58
vlcsnap-2025-05-16-08h45m13s545_7.png,57
vlcsnap-2025-05-16-08h45m14s334_1.png,59
vlcsnap-2025-05-16-08h45m14s334_3.png,60
vlcsnap-2025-05-16-08h45m14s334_5.png,58
vlcsnap-2025-05-16-08h45m15s179_1.png,59
vlcsnap-2025-05-16-08h45m15s179_3.png,60
vlcsnap-2025-05-16-08h45m15s179_5.png,58
vlcsnap-2025-05-16-08h45m15s179_7.png,61
vlcsnap-2025-05-16-08h45m16s537_1.png,59
vlcsnap-2025-05-16-08h45m16s537_3.png,60
vlcsnap-2025-05-16-08h45m16s537_5.png,58
vlcsnap-2025-05-16-08h45m16s537_7.png,61
vlcsnap-2025-05-16-08h45m19s134_3.png,61
vlcsnap-2025-05-16-08h45m19s134_5.png,60
vlcsnap-2025-05-16-08h45m19s134_7.png,58
vlcsnap-2025-05-16-08h45m19s585_1.png,60
vlcsnap-2025-05-16-08h45m19s585_3.png,61
vlcsnap-2025-05-16-08h45m19s585_7.png,58
vlcsnap-2025-05-16-08h45m21s183_1.png,60
vlcsnap-2025-05-16-08h45m21s183_3.png,61
vlcsnap-2025-05-16-08h45m21s183_5.png,59
vlcsnap-2025-05-16-08h45m21s183_7.png,58
vlcsnap-2025-05-16-08h45m21s183_9.png,62
vlcsnap-2025-05-16-08h45m22s183_1.png,61
vlcsnap-2025-05-16-08h45m22s183_3.png,59
vlcsnap-2025-05-16-08h45m22s183_7.png,62
vlcsnap-2025-05-16-08h45m22s183_9.png,60
vlcsnap-2025-05-16-08h45m22s686_1.png,60
vlcsnap-2025-05-16-08h45m22s686_3.png,61
vlcsnap-2025-05-16-08h45m22s686_5.png,59
vlcsnap-2025-05-16-08h45m22s686_7.png,62
vlcsnap-2025-05-16-08h45m24s087_1.png,61
vlcsnap-2025-05-16-08h45m24s087_3.png,62
vlcsnap-2025-05-16-08h45m24s087_5.png,0
vlcsnap-2025-05-16-08h45m24s087_7.png,59
vlcsnap-2025-05-16-08h45m24s880_1.png,61
vlcsnap-2025-05-16-08h45m24s880_3.png,62
vlcsnap-2025-05-16-08h45m24s880_5.png,59
vlcsnap-2025-05-16-08h45m25s233_1.png,61
vlcsnap-2025-05-16-08h45m25s233_3.png,62
vlcsnap-2025-05-16-08h45m25s233_7.png,59
vlcsnap-2025-05-16-08h45m25s430_1.png,61
vlcsnap-2025-05-16-08h45m25s430_3.png,59
vlcsnap-2025-05-16-08h45m25s430_5.png,62
vlcsnap-2025-05-16-08h45m26s377_1.png,61
vlcsnap-2025-05-16-08h45m26s377_3.png,62
vlcsnap-2025-05-16-08h45m26s377_7.png,59
vlcsnap-2025-05-16-08h45m26s922_1.png,61
vlcsnap-2025-05-16-08h45m26s922_3.png,60
vlcsnap-2025-05-16-08h45m26s922_5.png,62
vlcsnap-2025-05-16-08h45m26s922_7.png,59
vlcsnap-2025-05-16-08h45m27s429_1.png,61
vlcsnap-2025-05-16-08h45m27s429_3.png,62
vlcsnap-2025-05-16-08h45m27s429_5.png,60
vlcsnap-2025-05-16-08h45m27s429_7.png,59
vlcsnap-2025-05-16-08h45m28s629_1.png,62
vlcsnap-2025-05-16-08h45m28s629_3.png,61
vlcsnap-2025-05-16-08h45m28s629_5.png,60
vlcsnap-2025-05-16-08h45m29s681_1.png,62
vlcsnap-2025-05-16-08h45m29s681_3.png,61
vlcsnap-2025-05-16-08h45m29s681_5.png,60
vlcsnap-2025-05-16-08h48m23s196_1.png,1
vlcsnap-2025-05-16-08h48m23s196_3.png,2
vlcsnap-2025-05-16-08h48m23s196_5.png,72
vlcsnap-2025-05-16-08h48m23s196_7.png,3
vlcsnap-2025-05-16-08h48m50s959_1.png,1
vlcsnap-2025-05-16-08h48m50s959_3.png,3
vlcsnap-2025-05-16-08h48m50s959_5.png,2
vlcsnap-2025-05-16-08h48m50s959_7.png,72
vlcsnap-2025-05-16-08h48m52s862_1.png,3
vlcsnap-2025-05-16-08h48m52s862_3.png,1
vlcsnap-2025-05-16-08h48m52s862_5.png,2
vlcsnap-2025-05-16-08h48m52s862_7.png,72
vlcsnap-2025-05-16-08h49m26s095_1.png,6
vlcsnap-2025-05-16-08h49m26s095_3.png,7
vlcsnap-2025-05-16-08h49m26s095_5.png,5
vlcsnap-2025-05-16-08h49m26s095_7.png,8
vlcsnap-2025-05-16-08h49m28s436_1.png,7
vlcsnap-2025-05-16-08h49m28s436_5.png,8
vlcsnap-2025-05-16-08h49m38s747_1.png,8
vlcsnap-2025-05-16-08h49m38s747_3.png,9
vlcsnap-2025-05-16-08h49m38s747_5.png,7
vlcsnap-2025-05-16-08h49m38s747_7.png,6
vlcsnap-2025-05-16-08h49m41s196_1.png,8
vlcsnap-2025-05-16-08h49m41s196_3.png,9
vlcsnap-2025-05-16-08h49m41s196_5.png,10
vlcsnap-2025-05-16-08h49m41s196_7.png,7
vlcsnap-2025-05-16-08h49m41s533_3.png,9
vlcsnap-2025-05-16-08h49m41s533_5.png,10
vlcsnap-2025-05-16-08h49m41s533_7.png,7
vlcsnap-2025-05-16-08h49m41s533_9.png,8
vlcsnap-2025-05-16-08h49m44s146_1.png,9
vlcsnap-2025-05-16-08h49m44s146_3.png,10
vlcsnap-2025-05-16-08h49m44s146_5.png,8
vlcsnap-2025-05-16-08h49m44s427_1.png,9
vlcsnap-2025-05-16-08h49m44s427_3.png,10
vlcsnap-2025-05-16-08h49m44s427_5.png,8
vlcsnap-2025-05-16-08h49m45s487_1.png,10
vlcsnap-2025-05-16-08h49m45s487_3.png,9
vlcsnap-2025-05-16-08h49m45s487_5.png,8
vlcsnap-2025-05-16-08h49m46s144_1.png,10
vlcsnap-2025-05-16-08h49m46s144_3.png,9
vlcsnap-2025-05-16-08h49m46s144_5.png,8
vlcsnap-2025-05-16-08h49m46s934_1.png,10
vlcsnap-2025-05-16-08h49m46s934_3.png,11
vlcsnap-2025-05-16-08h49m46s934_5.png,8
vlcsnap-2025-05-16-08h49m46s934_7.png,9
vlcsnap-2025-05-16-08h49m47s436_1.png,10
vlcsnap-2025-05-16-08h49m47s436_3.png,11
vlcsnap-2025-05-16-08h49m47s436_5.png,8
vlcsnap-2025-05-16-08h49m47s436_7.png,9
vlcsnap-2025-05-16-08h49m47s835_1.png,10
vlcsnap-2025-05-16-08h49m47s835_3.png,11
vlcsnap-2025-05-16-08h49m47s835_5.png,9
vlcsnap-2025-05-16-08h49m47s835_7.png,8
vlcsnap-2025-05-16-08h49m48s740_1.png,10
vlcsnap-2025-05-16-08h49m48s740_3.png,11
vlcsnap-2025-05-16-08h49m48s740_5.png,8
vlcsnap-2025-05-16-08h49m49s737_1.png,10
vlcsnap-2025-05-16-08h49m49s737_3.png,11
vlcsnap-2025-05-16-08h49m49s737_7.png,8
vlcsnap-2025-05-16-08h49m51s837_1.png,10
vlcsnap-2025-05-16-08h49m51s837_3.png,11
vlcsnap-2025-05-16-08h49m51s837_5.png,9
vlcsnap-2025-05-16-08h49m51s837_7.png,8
vlcsnap-2025-05-16-08h49m52s120_1.png,10
vlcsnap-2025-05-16-08h49m52s120_3.png,11
vlcsnap-2025-05-16-08h49m52s120_5.png,9
vlcsnap-2025-05-16-08h49m52s120_7.png,8
vlcsnap-2025-05-16-08h49m52s980_1.png,10
vlcsnap-2025-05-16-08h49m52s980_3.png,11
vlcsnap-2025-05-16-08h49m52s980_5.png,9
vlcsnap-2025-05-16-08h49m52s980_7.png,8
vlcsnap-2025-05-16-08h49m53s589_1.png,10
vlcsnap-2025-05-16-08h49m53s589_3.png,11
vlcsnap-2025-05-16-08h50m27s117_1.png,15
vlcsnap-2025-05-16-08h50m27s117_3.png,16
vlcsnap-2025-05-16-08h50m38s971_1.png,15
vlcsnap-2025-05-16-08h50m38s971_3.png,16
vlcsnap-2025-05-16-08h50m38s971_5.png,14
